/*
SQLyog Ultimate v11.28 (64 bit)
MySQL - 5.7.9-log : Database - django_db
*********************************************************************
*/

/*!40101 SET NAMES utf8 */;

/*!40101 SET SQL_MODE=''*/;

/*!40014 SET @OLD_UNIQUE_CHECKS=@@UNIQUE_CHECKS, UNIQUE_CHECKS=0 */;
/*!40014 SET @OLD_FOREIGN_KEY_CHECKS=@@FOREIGN_KEY_CHECKS, FOREIGN_KEY_CHECKS=0 */;
/*!40101 SET @OLD_SQL_MODE=@@SQL_MODE, SQL_MODE='NO_AUTO_VALUE_ON_ZERO' */;
/*!40111 SET @OLD_SQL_NOTES=@@SQL_NOTES, SQL_NOTES=0 */;
CREATE DATABASE /*!32312 IF NOT EXISTS*/`django_db` /*!40100 DEFAULT CHARACTER SET utf8 */;

USE `django_db`;

/*Table structure for table `app_contact` */

DROP TABLE IF EXISTS `app_contact`;

CREATE TABLE `app_contact` (
  `id` int(11) NOT NULL AUTO_INCREMENT,
  `first_name` varchar(80) NOT NULL,
  `last_name` varchar(80) NOT NULL,
  `home_phone` varchar(20) NOT NULL,
  `mobile_phone` varchar(20) NOT NULL,
  `email` varchar(254) NOT NULL,
  `created` datetime(6) NOT NULL,
  `last_update` datetime(6) NOT NULL,
  `slug` varchar(50) NOT NULL,
  PRIMARY KEY (`id`),
  KEY `app_contact_2dbcba41` (`slug`)
) ENGINE=InnoDB AUTO_INCREMENT=2 DEFAULT CHARSET=utf8;

/*Data for the table `app_contact` */

insert  into `app_contact`(`id`,`first_name`,`last_name`,`home_phone`,`mobile_phone`,`email`,`created`,`last_update`,`slug`) values (1,'Ahmad','Abdelrahim','888-777-5555','','ahmad101@gmail.com','2015-11-29 14:45:26.913000','2015-11-29 14:45:26.913000','ahmad-abdelrahim');

/*Table structure for table `auth_group` */

DROP TABLE IF EXISTS `auth_group`;

CREATE TABLE `auth_group` (
  `id` int(11) NOT NULL AUTO_INCREMENT,
  `name` varchar(80) NOT NULL,
  PRIMARY KEY (`id`),
  UNIQUE KEY `name` (`name`)
) ENGINE=InnoDB DEFAULT CHARSET=utf8;

/*Data for the table `auth_group` */

/*Table structure for table `auth_group_permissions` */

DROP TABLE IF EXISTS `auth_group_permissions`;

CREATE TABLE `auth_group_permissions` (
  `id` int(11) NOT NULL AUTO_INCREMENT,
  `group_id` int(11) NOT NULL,
  `permission_id` int(11) NOT NULL,
  PRIMARY KEY (`id`),
  UNIQUE KEY `group_id` (`group_id`,`permission_id`),
  KEY `auth_group_permissi_permission_id_23962d04_fk_auth_permission_id` (`permission_id`),
  CONSTRAINT `auth_group_permissi_permission_id_23962d04_fk_auth_permission_id` FOREIGN KEY (`permission_id`) REFERENCES `auth_permission` (`id`),
  CONSTRAINT `auth_group_permissions_group_id_58c48ba9_fk_auth_group_id` FOREIGN KEY (`group_id`) REFERENCES `auth_group` (`id`)
) ENGINE=InnoDB DEFAULT CHARSET=utf8;

/*Data for the table `auth_group_permissions` */

/*Table structure for table `auth_permission` */

DROP TABLE IF EXISTS `auth_permission`;

CREATE TABLE `auth_permission` (
  `id` int(11) NOT NULL AUTO_INCREMENT,
  `name` varchar(255) DEFAULT NULL,
  `content_type_id` int(11) NOT NULL,
  `codename` varchar(100) NOT NULL,
  PRIMARY KEY (`id`),
  UNIQUE KEY `content_type_id` (`content_type_id`,`codename`),
  CONSTRAINT `auth_permissi_content_type_id_51277a81_fk_django_content_type_id` FOREIGN KEY (`content_type_id`) REFERENCES `django_content_type` (`id`)
) ENGINE=InnoDB AUTO_INCREMENT=22 DEFAULT CHARSET=utf8;

/*Data for the table `auth_permission` */

insert  into `auth_permission`(`id`,`name`,`content_type_id`,`codename`) values (1,'Can add log entry',1,'add_logentry'),(2,'Can change log entry',1,'change_logentry'),(3,'Can delete log entry',1,'delete_logentry'),(4,'Can add permission',2,'add_permission'),(5,'Can change permission',2,'change_permission'),(6,'Can delete permission',2,'delete_permission'),(7,'Can add group',3,'add_group'),(8,'Can change group',3,'change_group'),(9,'Can delete group',3,'delete_group'),(10,'Can add user',4,'add_user'),(11,'Can change user',4,'change_user'),(12,'Can delete user',4,'delete_user'),(13,'Can add content type',5,'add_contenttype'),(14,'Can change content type',5,'change_contenttype'),(15,'Can delete content type',5,'delete_contenttype'),(16,'Can add session',6,'add_session'),(17,'Can change session',6,'change_session'),(18,'Can delete session',6,'delete_session'),(19,'Can add contact',7,'add_contact'),(20,'Can change contact',7,'change_contact'),(21,'Can delete contact',7,'delete_contact');

/*Table structure for table `auth_user` */

DROP TABLE IF EXISTS `auth_user`;

CREATE TABLE `auth_user` (
  `id` int(11) NOT NULL AUTO_INCREMENT,
  `password` varchar(128) NOT NULL,
  `last_login` datetime(6) DEFAULT NULL,
  `is_superuser` tinyint(1) NOT NULL,
  `username` varchar(30) NOT NULL,
  `first_name` varchar(30) NOT NULL,
  `last_name` varchar(30) NOT NULL,
  `email` varchar(254) DEFAULT NULL,
  `is_staff` tinyint(1) NOT NULL,
  `is_active` tinyint(1) NOT NULL,
  `date_joined` datetime(6) NOT NULL,
  PRIMARY KEY (`id`),
  UNIQUE KEY `username` (`username`)
) ENGINE=InnoDB AUTO_INCREMENT=2 DEFAULT CHARSET=utf8;

/*Data for the table `auth_user` */

insert  into `auth_user`(`id`,`password`,`last_login`,`is_superuser`,`username`,`first_name`,`last_name`,`email`,`is_staff`,`is_active`,`date_joined`) values (1,'pbkdf2_sha256$20000$XyaIHthCdInI$nzKoT6stQz/wdCKP4o/BJlV36u9ENWNTLG2SFk8/QQk=',NULL,1,'lebanonlover','','','ahmad101@gmail.com',1,1,'2015-11-29 14:44:32.699000');

/*Table structure for table `auth_user_groups` */

DROP TABLE IF EXISTS `auth_user_groups`;

CREATE TABLE `auth_user_groups` (
  `id` int(11) NOT NULL AUTO_INCREMENT,
  `user_id` int(11) NOT NULL,
  `group_id` int(11) NOT NULL,
  PRIMARY KEY (`id`),
  UNIQUE KEY `user_id` (`user_id`,`group_id`),
  KEY `auth_user_groups_group_id_30a071c9_fk_auth_group_id` (`group_id`),
  CONSTRAINT `auth_user_groups_group_id_30a071c9_fk_auth_group_id` FOREIGN KEY (`group_id`) REFERENCES `auth_group` (`id`),
  CONSTRAINT `auth_user_groups_user_id_24702650_fk_auth_user_id` FOREIGN KEY (`user_id`) REFERENCES `auth_user` (`id`)
) ENGINE=InnoDB DEFAULT CHARSET=utf8;

/*Data for the table `auth_user_groups` */

/*Table structure for table `auth_user_user_permissions` */

DROP TABLE IF EXISTS `auth_user_user_permissions`;

CREATE TABLE `auth_user_user_permissions` (
  `id` int(11) NOT NULL AUTO_INCREMENT,
  `user_id` int(11) NOT NULL,
  `permission_id` int(11) NOT NULL,
  PRIMARY KEY (`id`),
  UNIQUE KEY `user_id` (`user_id`,`permission_id`),
  KEY `auth_user_user_perm_permission_id_3d7071f0_fk_auth_permission_id` (`permission_id`),
  CONSTRAINT `auth_user_user_perm_permission_id_3d7071f0_fk_auth_permission_id` FOREIGN KEY (`permission_id`) REFERENCES `auth_permission` (`id`),
  CONSTRAINT `auth_user_user_permissions_user_id_7cd7acb6_fk_auth_user_id` FOREIGN KEY (`user_id`) REFERENCES `auth_user` (`id`)
) ENGINE=InnoDB DEFAULT CHARSET=utf8;

/*Data for the table `auth_user_user_permissions` */

/*Table structure for table `django_admin_log` */

DROP TABLE IF EXISTS `django_admin_log`;

CREATE TABLE `django_admin_log` (
  `id` int(11) NOT NULL AUTO_INCREMENT,
  `action_time` datetime(6) NOT NULL,
  `object_id` longtext,
  `object_repr` varchar(200) NOT NULL,
  `action_flag` smallint(5) unsigned NOT NULL,
  `change_message` longtext NOT NULL,
  `content_type_id` int(11) DEFAULT NULL,
  `user_id` int(11) NOT NULL,
  PRIMARY KEY (`id`),
  KEY `django_admin__content_type_id_5151027a_fk_django_content_type_id` (`content_type_id`),
  KEY `django_admin_log_user_id_1c5f563_fk_auth_user_id` (`user_id`),
  CONSTRAINT `django_admin__content_type_id_5151027a_fk_django_content_type_id` FOREIGN KEY (`content_type_id`) REFERENCES `django_content_type` (`id`),
  CONSTRAINT `django_admin_log_user_id_1c5f563_fk_auth_user_id` FOREIGN KEY (`user_id`) REFERENCES `auth_user` (`id`)
) ENGINE=InnoDB DEFAULT CHARSET=utf8;

/*Data for the table `django_admin_log` */

/*Table structure for table `django_content_type` */

DROP TABLE IF EXISTS `django_content_type`;

CREATE TABLE `django_content_type` (
  `id` int(11) NOT NULL AUTO_INCREMENT,
  `app_label` varchar(100) NOT NULL,
  `model` varchar(100) NOT NULL,
  PRIMARY KEY (`id`),
  UNIQUE KEY `django_content_type_app_label_3ec8c61c_uniq` (`app_label`,`model`)
) ENGINE=InnoDB AUTO_INCREMENT=8 DEFAULT CHARSET=utf8;

/*Data for the table `django_content_type` */

insert  into `django_content_type`(`id`,`app_label`,`model`) values (1,'admin','logentry'),(7,'app','contact'),(3,'auth','group'),(2,'auth','permission'),(4,'auth','user'),(5,'contenttypes','contenttype'),(6,'sessions','session');

/*Table structure for table `django_migrations` */

DROP TABLE IF EXISTS `django_migrations`;

CREATE TABLE `django_migrations` (
  `id` int(11) NOT NULL AUTO_INCREMENT,
  `app` varchar(255) NOT NULL,
  `name` varchar(255) NOT NULL,
  `applied` datetime(6) NOT NULL,
  PRIMARY KEY (`id`)
) ENGINE=InnoDB AUTO_INCREMENT=11 DEFAULT CHARSET=utf8;

/*Data for the table `django_migrations` */

insert  into `django_migrations`(`id`,`app`,`name`,`applied`) values (1,'contenttypes','0001_initial','2015-11-29 14:43:48.091000'),(2,'auth','0001_initial','2015-11-29 14:43:48.666000'),(3,'admin','0001_initial','2015-11-29 14:43:48.822000'),(4,'contenttypes','0002_remove_content_type_name','2015-11-29 14:43:48.995000'),(5,'auth','0002_alter_permission_name_max_length','2015-11-29 14:43:49.058000'),(6,'auth','0003_alter_user_email_max_length','2015-11-29 14:43:49.121000'),(7,'auth','0004_alter_user_username_opts','2015-11-29 14:43:49.153000'),(8,'auth','0005_alter_user_last_login_null','2015-11-29 14:43:49.295000'),(9,'auth','0006_require_contenttypes_0002','2015-11-29 14:43:49.299000'),(10,'sessions','0001_initial','2015-11-29 14:43:49.351000');

/*Table structure for table `django_session` */

DROP TABLE IF EXISTS `django_session`;

CREATE TABLE `django_session` (
  `session_key` varchar(40) NOT NULL,
  `session_data` longtext NOT NULL,
  `expire_date` datetime(6) NOT NULL,
  PRIMARY KEY (`session_key`),
  KEY `django_session_de54fa62` (`expire_date`)
) ENGINE=InnoDB DEFAULT CHARSET=utf8;

/*Data for the table `django_session` */

/*!40101 SET SQL_MODE=@OLD_SQL_MODE */;
/*!40014 SET FOREIGN_KEY_CHECKS=@OLD_FOREIGN_KEY_CHECKS */;
/*!40014 SET UNIQUE_CHECKS=@OLD_UNIQUE_CHECKS */;
/*!40111 SET SQL_NOTES=@OLD_SQL_NOTES */;
